Id,Name,Coordinates:x,Coordinates:y,CreationDate,StudentCount,ExpelledStudents,FormOfEducation,Semester,GroupAdmin:Name,weight,hairColor,Nationality,Location:x,Location:y,LocationName
1,ITMO,320,32,2023-05-08T06:15:31.146954500+03:00[Europe/Moscow],50,2,DISTANCE_EDUCATION,FIRST,Kaihan,60.0,GREEN,VATICAN,80,80.0,Sainte
2,ITMO,320,32,2023-05-08T06:15:44.239303100+03:00[Europe/Moscow],50,2,DISTANCE_EDUCATION,FIRST,Kaihan,60.0,GREEN,VATICAN,80,80.0,Sainte
3,ITMO,320,32,2023-05-08T06:15:47.255161900+03:00[Europe/Moscow],50,2,DISTANCE_EDUCATION,FIRST,Kaihan,60.0,GREEN,VATICAN,80,80.0,Sainte
4,ITMO,320,32,2023-05-08T06:15:49.266952900+03:00[Europe/Moscow],50,2,DISTANCE_EDUCATION,FIRST,Kaihan,60.0,GREEN,VATICAN,80,80.0,Sainte
5,ITMO,320,32,2023-05-08T06:15:50.269480+03:00[Europe/Moscow],50,2,DISTANCE_EDUCATION,FIRST,Kaihan,60.0,GREEN,VATICAN,80,80.0,Sainte
6,ITMO,320,32,2023-05-08T06:15:51.280936300+03:00[Europe/Moscow],50,2,DISTANCE_EDUCATION,FIRST,Kaihan,60.0,GREEN,VATICAN,80,80.0,Sainte
7,ITMO,320,32,2023-05-08T06:15:52.281927400+03:00[Europe/Moscow],50,2,DISTANCE_EDUCATION,FIRST,Kaihan,60.0,GREEN,VATICAN,80,80.0,Sainte
8,ITMO,320,32,2023-05-08T06:15:53.291095700+03:00[Europe/Moscow],50,2,DISTANCE_EDUCATION,FIRST,Kaihan,60.0,GREEN,VATICAN,80,80.0,Sainte
